INSERT INTO lease (id, acres, distance_from_farm, est_yield_dm_per_acre_year, cost_per_acre) VALUES (1, 19.37, 15.1, 2068.85, 129.07);
INSERT INTO lease (id, acres, distance_from_farm, est_yield_dm_per_acre_year, cost_per_acre) VALUES (2, 78.32, 9.28, 3110.47, 61.14);
INSERT INTO lease (id, acres, distance_from_farm, est_yield_dm_per_acre_year, cost_per_acre) VALUES (3, 30.29, 18.81, 4713.84, 123.06);
INSERT INTO lease (id, acres, distance_from_farm, est_yield_dm_per_acre_year, cost_per_acre) VALUES (4, 91.44, 11.0, 4712.7, 82.98);
INSERT INTO lease (id, acres, distance_from_farm, est_yield_dm_per_acre_year, cost_per_acre) VALUES (5, 68.81, 10.73, 4426.61, 133.96);
INSERT INTO field (id, lease_id, field_name, acre_size, notes) VALUES (1, 1, 'Field_1_1', 39.02, 'Both establish on lose organization sell decade when.');
INSERT INTO field (id, lease_id, field_name, acre_size, notes) VALUES (2, 1, 'Field_1_2', 19.58, 'Network see onto.');
INSERT INTO field (id, lease_id, field_name, acre_size, notes) VALUES (3, 2, 'Field_2_1', 5.38, 'Edge message sea half dog job bed.');
INSERT INTO field (id, lease_id, field_name, acre_size, notes) VALUES (4, 2, 'Field_2_2', 23.64, 'Serve leg cut relate usually society activity.');
INSERT INTO field (id, lease_id, field_name, acre_size, notes) VALUES (5, 3, 'Field_3_1', 23.82, 'Stock quickly task direction.');
INSERT INTO field (id, lease_id, field_name, acre_size, notes) VALUES (6, 3, 'Field_3_2', 47.25, 'Professional country record.');
INSERT INTO field (id, lease_id, field_name, acre_size, notes) VALUES (7, 4, 'Field_4_1', 35.61, 'Realize offer lay manage sit Mrs different.');
INSERT INTO field (id, lease_id, field_name, acre_size, notes) VALUES (8, 4, 'Field_4_2', 18.65, 'Bad seem well environment dog yard.');
INSERT INTO field (id, lease_id, field_name, acre_size, notes) VALUES (9, 5, 'Field_5_1', 31.75, 'Some professor book idea blood dinner central.');
INSERT INTO field (id, lease_id, field_name, acre_size, notes) VALUES (10, 5, 'Field_5_2', 20.81, 'Though hold type it.');
INSERT INTO animal (id, tag, markings, sex, notes, enterprise_owner, date_of_birth, organic_status, dam_id, sire_id, animal_type) VALUES (1, 'TAG0001', 'AntiqueWhite', '?', 'result', 'other', '2020-07-05', FALSE, NULL, NULL, 'pig');
INSERT INTO animal (id, tag, markings, sex, notes, enterprise_owner, date_of_birth, organic_status, dam_id, sire_id, animal_type) VALUES (2, 'TAG0002', 'Peru', 'Steer', 'training', 'beef', '2023-06-29', TRUE, NULL, NULL, 'goat');
INSERT INTO animal (id, tag, markings, sex, notes, enterprise_owner, date_of_birth, organic_status, dam_id, sire_id, animal_type) VALUES (3, 'TAG0003', 'LightCyan', 'Female', 'morning', 'dairy', '2020-11-27', TRUE, NULL, NULL, 'goat');
INSERT INTO animal (id, tag, markings, sex, notes, enterprise_owner, date_of_birth, organic_status, dam_id, sire_id, animal_type) VALUES (4, 'TAG0004', 'Gainsboro', 'Female', 'phone', 'other', '2022-02-14', TRUE, NULL, NULL, 'other');
INSERT INTO animal (id, tag, markings, sex, notes, enterprise_owner, date_of_birth, organic_status, dam_id, sire_id, animal_type) VALUES (5, 'TAG0005', 'White', 'Steer', 'book', 'dairy', '2021-01-17', FALSE, NULL, NULL, 'sheep');
INSERT INTO animal (id, tag, markings, sex, notes, enterprise_owner, date_of_birth, organic_status, dam_id, sire_id, animal_type) VALUES (6, 'TAG0006', 'DarkOrange', 'Bull', 'that', 'beef', '2022-10-12', FALSE, NULL, NULL, 'cow');
INSERT INTO animal (id, tag, markings, sex, notes, enterprise_owner, date_of_birth, organic_status, dam_id, sire_id, animal_type) VALUES (7, 'TAG0007', 'MediumSeaGreen', 'Steer', 'make', 'other', '2022-04-09', FALSE, NULL, NULL, 'other');
INSERT INTO animal (id, tag, markings, sex, notes, enterprise_owner, date_of_birth, organic_status, dam_id, sire_id, animal_type) VALUES (8, 'TAG0008', 'Gainsboro', '?', 'travel', 'dairy', '2023-04-09', TRUE, NULL, NULL, 'sheep');
INSERT INTO animal (id, tag, markings, sex, notes, enterprise_owner, date_of_birth, organic_status, dam_id, sire_id, animal_type) VALUES (9, 'TAG0009', 'Moccasin', 'Bull', 'including', 'other', '2020-07-20', FALSE, NULL, NULL, 'cow');
INSERT INTO animal (id, tag, markings, sex, notes, enterprise_owner, date_of_birth, organic_status, dam_id, sire_id, animal_type) VALUES (10, 'TAG0010', 'Purple', 'Female', 'town', 'other', '2020-10-30', FALSE, NULL, NULL, 'pig');
INSERT INTO animal (id, tag, markings, sex, notes, enterprise_owner, date_of_birth, organic_status, dam_id, sire_id, animal_type) VALUES (11, 'TAG0011', 'LimeGreen', 'Female', 'south', 'beef', '2023-12-12', FALSE, 3, 2, 'sheep');
INSERT INTO animal (id, tag, markings, sex, notes, enterprise_owner, date_of_birth, organic_status, dam_id, sire_id, animal_type) VALUES (12, 'TAG0012', 'PaleVioletRed', 'Freemartin', 'compare', 'dairy', '2024-03-10', TRUE, 6, 6, 'pig');
INSERT INTO animal (id, tag, markings, sex, notes, enterprise_owner, date_of_birth, organic_status, dam_id, sire_id, animal_type) VALUES (13, 'TAG0013', 'Yellow', 'Steer', 'risk', 'other', '2022-07-02', TRUE, 6, 5, 'other');
INSERT INTO animal (id, tag, markings, sex, notes, enterprise_owner, date_of_birth, organic_status, dam_id, sire_id, animal_type) VALUES (14, 'TAG0014', 'Gray', 'Steer', 'radio', 'beef', '2021-02-10', FALSE, 7, 8, 'goat');
INSERT INTO animal (id, tag, markings, sex, notes, enterprise_owner, date_of_birth, organic_status, dam_id, sire_id, animal_type) VALUES (15, 'TAG0015', 'AliceBlue', 'Steer', 'shoulder', 'dairy', '2020-08-20', FALSE, 2, 10, 'sheep');
INSERT INTO animal (id, tag, markings, sex, notes, enterprise_owner, date_of_birth, organic_status, dam_id, sire_id, animal_type) VALUES (16, 'TAG0016', 'LightGray', '?', 'soon', 'dairy', '2021-09-23', FALSE, 3, 14, 'goat');
INSERT INTO animal (id, tag, markings, sex, notes, enterprise_owner, date_of_birth, organic_status, dam_id, sire_id, animal_type) VALUES (17, 'TAG0017', 'SlateGray', 'Female', 'reduce', 'other', '2023-06-12', TRUE, 6, 9, 'pig');
INSERT INTO animal (id, tag, markings, sex, notes, enterprise_owner, date_of_birth, organic_status, dam_id, sire_id, animal_type) VALUES (18, 'TAG0018', 'Blue', '?', 'full', 'beef', '2024-06-18', TRUE, 12, 17, 'goat');
INSERT INTO animal (id, tag, markings, sex, notes, enterprise_owner, date_of_birth, organic_status, dam_id, sire_id, animal_type) VALUES (19, 'TAG0019', 'White', 'Freemartin', 'exist', 'dairy', '2022-03-21', FALSE, 6, 10, 'pig');
INSERT INTO animal (id, tag, markings, sex, notes, enterprise_owner, date_of_birth, organic_status, dam_id, sire_id, animal_type) VALUES (20, 'TAG0020', 'DarkSlateGray', 'Steer', 'low', 'beef', '2021-06-29', TRUE, 14, 16, 'goat');
INSERT INTO animal (id, tag, markings, sex, notes, enterprise_owner, date_of_birth, organic_status, dam_id, sire_id, animal_type) VALUES (21, 'TAG0021', 'PaleGoldenRod', 'Bull', 'some', 'dairy', '2023-08-05', TRUE, 17, 10, 'cow');
INSERT INTO animal (id, tag, markings, sex, notes, enterprise_owner, date_of_birth, organic_status, dam_id, sire_id, animal_type) VALUES (22, 'TAG0022', 'IndianRed', 'Freemartin', 'nearly', 'other', '2022-12-09', TRUE, 1, 10, 'pig');
INSERT INTO animal (id, tag, markings, sex, notes, enterprise_owner, date_of_birth, organic_status, dam_id, sire_id, animal_type) VALUES (23, 'TAG0023', 'BlanchedAlmond', 'Freemartin', 'public', 'other', '2022-12-17', FALSE, 22, 12, 'other');
INSERT INTO animal (id, tag, markings, sex, notes, enterprise_owner, date_of_birth, organic_status, dam_id, sire_id, animal_type) VALUES (24, 'TAG0024', 'DarkRed', '?', 'value', 'other', '2024-06-09', TRUE, 2, 4, 'pig');
INSERT INTO animal (id, tag, markings, sex, notes, enterprise_owner, date_of_birth, organic_status, dam_id, sire_id, animal_type) VALUES (25, 'TAG0025', 'Gray', '?', 'let', 'beef', '2022-10-29', TRUE, 17, 23, 'goat');
INSERT INTO animal (id, tag, markings, sex, notes, enterprise_owner, date_of_birth, organic_status, dam_id, sire_id, animal_type) VALUES (26, 'TAG0026', 'LightYellow', 'Steer', 'record', 'dairy', '2023-10-20', TRUE, 21, 5, 'sheep');
INSERT INTO animal (id, tag, markings, sex, notes, enterprise_owner, date_of_birth, organic_status, dam_id, sire_id, animal_type) VALUES (27, 'TAG0027', 'DeepPink', 'Bull', 'simple', 'other', '2024-02-23', FALSE, 19, 12, 'pig');
INSERT INTO animal (id, tag, markings, sex, notes, enterprise_owner, date_of_birth, organic_status, dam_id, sire_id, animal_type) VALUES (28, 'TAG0028', 'AntiqueWhite', 'Steer', 'brother', 'dairy', '2021-03-11', FALSE, 12, 11, 'goat');
INSERT INTO animal (id, tag, markings, sex, notes, enterprise_owner, date_of_birth, organic_status, dam_id, sire_id, animal_type) VALUES (29, 'TAG0029', 'SandyBrown', 'Female', 'eat', 'other', '2021-10-29', TRUE, 27, 19, 'cow');
INSERT INTO animal (id, tag, markings, sex, notes, enterprise_owner, date_of_birth, organic_status, dam_id, sire_id, animal_type) VALUES (30, 'TAG0030', 'SeaShell', 'Bull', 'bar', 'beef', '2021-12-25', FALSE, 11, 20, 'sheep');
INSERT INTO animal (id, tag, markings, sex, notes, enterprise_owner, date_of_birth, organic_status, dam_id, sire_id, animal_type) VALUES (31, 'TAG0031', 'DarkSeaGreen', 'Bull', 'decade', 'dairy', '2022-12-28', TRUE, 22, 13, 'goat');
INSERT INTO animal (id, tag, markings, sex, notes, enterprise_owner, date_of_birth, organic_status, dam_id, sire_id, animal_type) VALUES (32, 'TAG0032', 'PapayaWhip', '?', 'Congress', 'dairy', '2024-01-17', FALSE, 11, 18, 'cow');
INSERT INTO animal (id, tag, markings, sex, notes, enterprise_owner, date_of_birth, organic_status, dam_id, sire_id, animal_type) VALUES (33, 'TAG0033', 'GreenYellow', 'Bull', 'treat', 'beef', '2021-09-15', FALSE, 2, 4, 'sheep');
INSERT INTO animal (id, tag, markings, sex, notes, enterprise_owner, date_of_birth, organic_status, dam_id, sire_id, animal_type) VALUES (34, 'TAG0034', 'LemonChiffon', 'Bull', 'wall', 'other', '2023-08-31', TRUE, 33, 4, 'sheep');
INSERT INTO animal (id, tag, markings, sex, notes, enterprise_owner, date_of_birth, organic_status, dam_id, sire_id, animal_type) VALUES (35, 'TAG0035', 'Red', 'Steer', 'rather', 'beef', '2023-04-05', FALSE, 3, 12, 'cow');
INSERT INTO animal (id, tag, markings, sex, notes, enterprise_owner, date_of_birth, organic_status, dam_id, sire_id, animal_type) VALUES (36, 'TAG0036', 'IndianRed', 'Steer', 'beyond', 'dairy', '2022-12-19', TRUE, 27, 8, 'pig');
INSERT INTO animal (id, tag, markings, sex, notes, enterprise_owner, date_of_birth, organic_status, dam_id, sire_id, animal_type) VALUES (37, 'TAG0037', 'SteelBlue', 'Steer', 'deal', 'other', '2020-10-07', FALSE, 36, 14, 'other');
INSERT INTO animal (id, tag, markings, sex, notes, enterprise_owner, date_of_birth, organic_status, dam_id, sire_id, animal_type) VALUES (38, 'TAG0038', 'Aqua', '?', 'team', 'other', '2022-08-02', TRUE, 34, 3, 'sheep');
INSERT INTO animal (id, tag, markings, sex, notes, enterprise_owner, date_of_birth, organic_status, dam_id, sire_id, animal_type) VALUES (39, 'TAG0039', 'OldLace', 'Freemartin', 'task', 'other', '2020-08-05', TRUE, 28, 31, 'pig');
INSERT INTO animal (id, tag, markings, sex, notes, enterprise_owner, date_of_birth, organic_status, dam_id, sire_id, animal_type) VALUES (40, 'TAG0040', 'Beige', '?', 'loss', 'other', '2024-05-25', FALSE, 24, 20, 'goat');
INSERT INTO animal (id, tag, markings, sex, notes, enterprise_owner, date_of_birth, organic_status, dam_id, sire_id, animal_type) VALUES (41, 'TAG0041', 'Snow', 'Bull', 'wall', 'beef', '2022-12-12', FALSE, 14, 29, 'other');
INSERT INTO animal (id, tag, markings, sex, notes, enterprise_owner, date_of_birth, organic_status, dam_id, sire_id, animal_type) VALUES (42, 'TAG0042', 'IndianRed', 'Bull', 'away', 'beef', '2023-01-16', FALSE, 35, 19, 'pig');
INSERT INTO animal (id, tag, markings, sex, notes, enterprise_owner, date_of_birth, organic_status, dam_id, sire_id, animal_type) VALUES (43, 'TAG0043', 'MediumSlateBlue', 'Steer', 'both', 'beef', '2023-11-14', TRUE, 25, 22, 'pig');
INSERT INTO animal (id, tag, markings, sex, notes, enterprise_owner, date_of_birth, organic_status, dam_id, sire_id, animal_type) VALUES (44, 'TAG0044', 'DarkGoldenRod', 'Freemartin', 'country', 'dairy', '2023-03-25', TRUE, 37, 33, 'cow');
INSERT INTO animal (id, tag, markings, sex, notes, enterprise_owner, date_of_birth, organic_status, dam_id, sire_id, animal_type) VALUES (45, 'TAG0045', 'DarkBlue', 'Bull', 'show', 'dairy', '2021-05-22', TRUE, 15, 30, 'goat');
INSERT INTO animal (id, tag, markings, sex, notes, enterprise_owner, date_of_birth, organic_status, dam_id, sire_id, animal_type) VALUES (46, 'TAG0046', 'LightGray', 'Female', 'leader', 'beef', '2024-05-16', TRUE, 17, 20, 'other');
INSERT INTO animal (id, tag, markings, sex, notes, enterprise_owner, date_of_birth, organic_status, dam_id, sire_id, animal_type) VALUES (47, 'TAG0047', 'MediumOrchid', 'Female', 'too', 'dairy', '2020-08-09', FALSE, 20, 16, 'pig');
INSERT INTO animal (id, tag, markings, sex, notes, enterprise_owner, date_of_birth, organic_status, dam_id, sire_id, animal_type) VALUES (48, 'TAG0048', 'IndianRed', '?', 'yourself', 'dairy', '2020-08-27', FALSE, 22, 10, 'pig');
INSERT INTO animal (id, tag, markings, sex, notes, enterprise_owner, date_of_birth, organic_status, dam_id, sire_id, animal_type) VALUES (49, 'TAG0049', 'DarkKhaki', 'Steer', 'choose', 'other', '2023-08-23', FALSE, 38, 18, 'cow');
INSERT INTO animal (id, tag, markings, sex, notes, enterprise_owner, date_of_birth, organic_status, dam_id, sire_id, animal_type) VALUES (50, 'TAG0050', 'ForestGreen', 'Female', 'last', 'dairy', '2024-02-20', FALSE, 40, 40, 'pig');
INSERT INTO animal_events (id, animal_id, event_type, event_date, notes) VALUES (1, 49, 'birth', '2024-04-02', 'Culture challenge peace dream.');
INSERT INTO animal_events (id, animal_id, event_type, event_date, notes) VALUES (2, 32, 'birth', '2023-08-09', 'Animal when gas month lawyer research.');
INSERT INTO animal_events (id, animal_id, event_type, event_date, notes) VALUES (3, 12, 'birth', '2024-06-15', 'Style exactly wife consumer material.');
INSERT INTO animal_events (id, animal_id, event_type, event_date, notes) VALUES (4, 5, 'birth', '2024-03-14', 'Behind result ahead church country book.');
INSERT INTO animal_events (id, animal_id, event_type, event_date, notes) VALUES (5, 22, 'birth', '2024-08-03', 'Which between step mention return material.');
INSERT INTO animal_events (id, animal_id, event_type, event_date, notes) VALUES (6, 48, 'birth', '2024-10-28', 'Cup enough another coach foot.');
INSERT INTO animal_events (id, animal_id, event_type, event_date, notes) VALUES (7, 12, 'birth', '2024-03-18', 'He report career special why.');
INSERT INTO animal_events (id, animal_id, event_type, event_date, notes) VALUES (8, 47, 'birth', '2024-09-23', 'Meeting near lay thank business teach direction.');
INSERT INTO animal_events (id, animal_id, event_type, event_date, notes) VALUES (9, 10, 'birth', '2024-05-07', 'Far discussion majority item authority.');
INSERT INTO animal_events (id, animal_id, event_type, event_date, notes) VALUES (10, 42, 'birth', '2023-09-08', 'Recognize Mrs institution.');
INSERT INTO animal_events (id, animal_id, event_type, event_date, notes) VALUES (11, 10, 'birth', '2025-06-20', 'Themselves suffer box.');
INSERT INTO animal_events (id, animal_id, event_type, event_date, notes) VALUES (12, 18, 'birth', '2024-10-22', 'Prepare reveal various one south.');
INSERT INTO animal_events (id, animal_id, event_type, event_date, notes) VALUES (13, 13, 'birth', '2024-08-06', 'Heart indicate detail into see traditional.');
INSERT INTO animal_events (id, animal_id, event_type, event_date, notes) VALUES (14, 3, 'birth', '2024-05-18', 'Clearly reduce where TV.');
INSERT INTO animal_events (id, animal_id, event_type, event_date, notes) VALUES (15, 13, 'birth', '2025-01-27', 'Reduce rule sing modern.');
INSERT INTO animal_events (id, animal_id, event_type, event_date, notes) VALUES (16, 13, 'birth', '2025-02-04', 'I rather two modern.');
INSERT INTO animal_events (id, animal_id, event_type, event_date, notes) VALUES (17, 19, 'birth', '2023-08-25', 'Everyone wall painting wide family decade.');
INSERT INTO animal_events (id, animal_id, event_type, event_date, notes) VALUES (18, 26, 'birth', '2024-07-23', 'The hundred never little.');
INSERT INTO animal_events (id, animal_id, event_type, event_date, notes) VALUES (19, 34, 'birth', '2024-02-10', 'Resource change attention campaign.');
INSERT INTO animal_events (id, animal_id, event_type, event_date, notes) VALUES (20, 14, 'birth', '2023-08-14', 'Successful address hold.');
INSERT INTO animal_events (id, animal_id, event_type, event_date, notes) VALUES (21, 50, 'vaccination', '2025-05-20', 'Since article deep worker design.');
INSERT INTO animal_events (id, animal_id, event_type, event_date, notes) VALUES (22, 31, 'vaccination', '2025-06-12', 'Much on down recently wish question.');
INSERT INTO animal_events (id, animal_id, event_type, event_date, notes) VALUES (23, 20, 'vaccination', '2024-08-29', 'Gas establish radio account.');
INSERT INTO animal_events (id, animal_id, event_type, event_date, notes) VALUES (24, 15, 'vaccination', '2024-10-25', 'Station sign decade war education side.');
INSERT INTO animal_events (id, animal_id, event_type, event_date, notes) VALUES (25, 41, 'vaccination', '2024-03-19', 'Phone whose language talk truth hundred.');
INSERT INTO animal_events (id, animal_id, event_type, event_date, notes) VALUES (26, 15, 'vaccination', '2023-09-05', 'Bill alone require simply she generation you.');
INSERT INTO animal_events (id, animal_id, event_type, event_date, notes) VALUES (27, 42, 'vaccination', '2023-12-20', 'Explain building thousand help TV bed expert with.');
INSERT INTO animal_events (id, animal_id, event_type, event_date, notes) VALUES (28, 43, 'vaccination', '2023-12-16', 'Despite will speak born.');
INSERT INTO animal_events (id, animal_id, event_type, event_date, notes) VALUES (29, 25, 'vaccination', '2025-04-16', 'Close interesting mission positive.');
INSERT INTO animal_events (id, animal_id, event_type, event_date, notes) VALUES (30, 20, 'vaccination', '2024-03-04', 'Available class wife power language direction whose.');
INSERT INTO animal_events (id, animal_id, event_type, event_date, notes) VALUES (31, 36, 'vaccination', '2024-05-15', 'Ask moment beyond drug attack same leg another.');
INSERT INTO animal_events (id, animal_id, event_type, event_date, notes) VALUES (32, 35, 'vaccination', '2024-03-19', 'Enough room consider set.');
INSERT INTO animal_events (id, animal_id, event_type, event_date, notes) VALUES (33, 24, 'vaccination', '2023-09-10', 'Similar ago source parent pay begin language.');
INSERT INTO animal_events (id, animal_id, event_type, event_date, notes) VALUES (34, 34, 'vaccination', '2024-06-16', 'Glass treatment bank serve.');
INSERT INTO animal_events (id, animal_id, event_type, event_date, notes) VALUES (35, 10, 'vaccination', '2025-02-06', 'Left network together.');
INSERT INTO animal_events (id, animal_id, event_type, event_date, notes) VALUES (36, 41, 'vaccination', '2023-09-28', 'Area agent away.');
INSERT INTO animal_events (id, animal_id, event_type, event_date, notes) VALUES (37, 48, 'vaccination', '2024-03-26', 'Agreement case peace course however reality.');
INSERT INTO animal_events (id, animal_id, event_type, event_date, notes) VALUES (38, 2, 'vaccination', '2024-09-27', 'Ready election contain born she.');
INSERT INTO animal_events (id, animal_id, event_type, event_date, notes) VALUES (39, 37, 'vaccination', '2023-08-22', 'Up rich mission able including writer.');
INSERT INTO animal_events (id, animal_id, event_type, event_date, notes) VALUES (40, 47, 'vaccination', '2024-06-06', 'West suffer exactly newspaper.');
INSERT INTO animal_events (id, animal_id, event_type, event_date, notes) VALUES (41, 13, 'weaning', '2023-12-04', 'Quickly company civil put.');
INSERT INTO animal_events (id, animal_id, event_type, event_date, notes) VALUES (42, 34, 'weaning', '2023-10-02', 'Economy protect home site.');
INSERT INTO animal_events (id, animal_id, event_type, event_date, notes) VALUES (43, 22, 'weaning', '2023-10-31', 'Ever property professional source mind discussion.');
INSERT INTO animal_events (id, animal_id, event_type, event_date, notes) VALUES (44, 42, 'weaning', '2025-02-12', 'People treatment by market enter.');
INSERT INTO animal_events (id, animal_id, event_type, event_date, notes) VALUES (45, 2, 'weaning', '2023-12-27', 'Pay them miss.');
INSERT INTO animal_events (id, animal_id, event_type, event_date, notes) VALUES (46, 16, 'weaning', '2024-08-19', 'Need skin else cup to middle.');
INSERT INTO animal_events (id, animal_id, event_type, event_date, notes) VALUES (47, 29, 'weaning', '2024-07-10', 'Officer rest seek parent somebody air.');
INSERT INTO animal_events (id, animal_id, event_type, event_date, notes) VALUES (48, 34, 'weaning', '2024-06-04', 'Close institution spring.');
INSERT INTO animal_events (id, animal_id, event_type, event_date, notes) VALUES (49, 28, 'weaning', '2024-11-11', 'Unit network how real front help that performance.');
INSERT INTO animal_events (id, animal_id, event_type, event_date, notes) VALUES (50, 28, 'weaning', '2024-02-11', 'Likely thank apply street would after itself.');
INSERT INTO animal_events (id, animal_id, event_type, event_date, notes) VALUES (51, 7, 'weaning', '2024-12-30', 'Reality head true action concern type page.');
INSERT INTO animal_events (id, animal_id, event_type, event_date, notes) VALUES (52, 18, 'weaning', '2023-12-14', 'Power reveal draw fact ground difference agreement.');
INSERT INTO animal_events (id, animal_id, event_type, event_date, notes) VALUES (53, 17, 'weaning', '2023-09-06', 'Different move vote item nearly behavior.');
INSERT INTO animal_events (id, animal_id, event_type, event_date, notes) VALUES (54, 25, 'weaning', '2024-09-25', 'Red sometimes hard woman determine main.');
INSERT INTO animal_events (id, animal_id, event_type, event_date, notes) VALUES (55, 22, 'weaning', '2024-09-24', 'We newspaper through think provide.');
INSERT INTO animal_events (id, animal_id, event_type, event_date, notes) VALUES (56, 36, 'weaning', '2023-10-01', 'Next data discussion town.');
INSERT INTO animal_events (id, animal_id, event_type, event_date, notes) VALUES (57, 32, 'weaning', '2023-12-17', 'World great science establish.');
INSERT INTO animal_events (id, animal_id, event_type, event_date, notes) VALUES (58, 16, 'weaning', '2024-07-03', 'Father skill president today involve cultural.');
INSERT INTO animal_events (id, animal_id, event_type, event_date, notes) VALUES (59, 15, 'weaning', '2025-06-14', 'Happen full whose million item.');
INSERT INTO animal_events (id, animal_id, event_type, event_date, notes) VALUES (60, 9, 'weaning', '2025-03-30', 'Position garden guy read generation.');
INSERT INTO animal_events (id, animal_id, event_type, event_date, notes) VALUES (61, 42, 'treatment', '2025-02-22', 'Chance my effort tell rich author itself.');
INSERT INTO animal_events (id, animal_id, event_type, event_date, notes) VALUES (62, 47, 'treatment', '2024-11-23', 'Key activity they eight attention particularly.');
INSERT INTO animal_events (id, animal_id, event_type, event_date, notes) VALUES (63, 24, 'treatment', '2024-09-18', 'Without accept such season.');
INSERT INTO animal_events (id, animal_id, event_type, event_date, notes) VALUES (64, 17, 'treatment', '2024-11-04', 'Real floor keep value nature positive mother.');
INSERT INTO animal_events (id, animal_id, event_type, event_date, notes) VALUES (65, 27, 'treatment', '2024-12-28', 'Girl check ten.');
INSERT INTO animal_events (id, animal_id, event_type, event_date, notes) VALUES (66, 38, 'treatment', '2023-11-15', 'Score low actually officer family where.');
INSERT INTO animal_events (id, animal_id, event_type, event_date, notes) VALUES (67, 37, 'treatment', '2024-06-18', 'Exactly itself discover long especially else president.');
INSERT INTO animal_events (id, animal_id, event_type, event_date, notes) VALUES (68, 14, 'treatment', '2024-11-05', 'Music something wait radio true step as.');
INSERT INTO animal_events (id, animal_id, event_type, event_date, notes) VALUES (69, 38, 'treatment', '2024-09-12', 'Air ability light medical.');
INSERT INTO animal_events (id, animal_id, event_type, event_date, notes) VALUES (70, 35, 'treatment', '2024-03-28', 'Wish against town.');
INSERT INTO animal_events (id, animal_id, event_type, event_date, notes) VALUES (71, 10, 'treatment', '2023-07-03', 'Western if despite matter away political.');
INSERT INTO animal_events (id, animal_id, event_type, event_date, notes) VALUES (72, 1, 'treatment', '2024-07-01', 'Music rule baby others realize history next.');
INSERT INTO animal_events (id, animal_id, event_type, event_date, notes) VALUES (73, 7, 'treatment', '2023-07-07', 'Central form charge energy suddenly thus world.');
INSERT INTO animal_events (id, animal_id, event_type, event_date, notes) VALUES (74, 23, 'treatment', '2025-03-06', 'Require sell majority ten truth performance kid.');
INSERT INTO animal_events (id, animal_id, event_type, event_date, notes) VALUES (75, 13, 'treatment', '2023-07-11', 'My skill local kid feel hand student radio.');
INSERT INTO animal_events (id, animal_id, event_type, event_date, notes) VALUES (76, 16, 'treatment', '2023-12-04', 'Kid discussion a organization oil pressure.');
INSERT INTO animal_events (id, animal_id, event_type, event_date, notes) VALUES (77, 17, 'treatment', '2023-08-20', 'Actually option blue crime wall seem.');
INSERT INTO animal_events (id, animal_id, event_type, event_date, notes) VALUES (78, 8, 'treatment', '2024-08-25', 'Wonder enough need property while wind plant.');
INSERT INTO animal_events (id, animal_id, event_type, event_date, notes) VALUES (79, 8, 'treatment', '2025-05-10', 'Focus bag card.');
INSERT INTO animal_events (id, animal_id, event_type, event_date, notes) VALUES (80, 20, 'treatment', '2024-12-29', 'Out executive how call show.');
INSERT INTO animal_events (id, animal_id, event_type, event_date, notes) VALUES (81, 3, 'movement', '2024-06-14', 'Chance vote turn peace least with hit.');
INSERT INTO animal_events (id, animal_id, event_type, event_date, notes) VALUES (82, 37, 'movement', '2024-05-05', 'Authority budget remain knowledge.');
INSERT INTO animal_events (id, animal_id, event_type, event_date, notes) VALUES (83, 12, 'movement', '2025-05-27', 'Chair down return those production approach push.');
INSERT INTO animal_events (id, animal_id, event_type, event_date, notes) VALUES (84, 33, 'movement', '2024-12-25', 'Anything else involve often need lose modern.');
INSERT INTO animal_events (id, animal_id, event_type, event_date, notes) VALUES (85, 48, 'movement', '2024-02-14', 'Ahead worker the.');
INSERT INTO animal_events (id, animal_id, event_type, event_date, notes) VALUES (86, 35, 'movement', '2024-07-28', 'Successful heavy miss check just chair.');
INSERT INTO animal_events (id, animal_id, event_type, event_date, notes) VALUES (87, 16, 'movement', '2024-08-07', 'Cultural middle strategy know.');
INSERT INTO animal_events (id, animal_id, event_type, event_date, notes) VALUES (88, 1, 'movement', '2025-02-21', 'About indeed grow woman claim yourself.');
INSERT INTO animal_events (id, animal_id, event_type, event_date, notes) VALUES (89, 34, 'movement', '2024-07-13', 'Nation scene business.');
INSERT INTO animal_events (id, animal_id, event_type, event_date, notes) VALUES (90, 21, 'movement', '2025-03-27', 'Run fill into woman fund learn military.');
INSERT INTO animal_events (id, animal_id, event_type, event_date, notes) VALUES (91, 10, 'movement', '2024-07-29', 'Business today material heavy employee opportunity.');
INSERT INTO animal_events (id, animal_id, event_type, event_date, notes) VALUES (92, 37, 'movement', '2025-02-21', 'Prevent role finally citizen.');
INSERT INTO animal_events (id, animal_id, event_type, event_date, notes) VALUES (93, 4, 'movement', '2023-07-24', 'Life bag air behavior bank enough campaign agent.');
INSERT INTO animal_events (id, animal_id, event_type, event_date, notes) VALUES (94, 46, 'movement', '2024-08-19', 'Land team health player prove government too trial.');
INSERT INTO animal_events (id, animal_id, event_type, event_date, notes) VALUES (95, 20, 'movement', '2024-04-29', 'Item many why even.');
INSERT INTO animal_events (id, animal_id, event_type, event_date, notes) VALUES (96, 14, 'movement', '2025-04-28', 'Quickly feeling ago notice.');
INSERT INTO animal_events (id, animal_id, event_type, event_date, notes) VALUES (97, 1, 'movement', '2024-05-17', 'Claim story foreign certainly nothing drop investment suffer.');
INSERT INTO animal_events (id, animal_id, event_type, event_date, notes) VALUES (98, 49, 'movement', '2023-11-04', 'Music think street dream no decision remember.');
INSERT INTO animal_events (id, animal_id, event_type, event_date, notes) VALUES (99, 23, 'movement', '2023-08-20', 'Involve play quite recent.');
INSERT INTO animal_events (id, animal_id, event_type, event_date, notes) VALUES (100, 27, 'movement', '2024-11-11', 'But somebody woman learn.');
INSERT INTO animal_events (id, animal_id, event_type, event_date, notes) VALUES (101, 49, 'weight', '2025-01-05', 'See work training just rest.');
INSERT INTO animal_events (id, animal_id, event_type, event_date, notes) VALUES (102, 19, 'weight', '2024-09-08', 'Green say yet act.');
INSERT INTO animal_events (id, animal_id, event_type, event_date, notes) VALUES (103, 46, 'weight', '2024-09-27', 'Must store hit method meeting continue affect.');
INSERT INTO animal_events (id, animal_id, event_type, event_date, notes) VALUES (104, 10, 'weight', '2023-12-20', 'Build forget left case opportunity.');
INSERT INTO animal_events (id, animal_id, event_type, event_date, notes) VALUES (105, 41, 'weight', '2024-07-25', 'System necessary move run clear of.');
INSERT INTO animal_events (id, animal_id, event_type, event_date, notes) VALUES (106, 40, 'weight', '2024-01-30', 'Value certainly role child choice training weight owner.');
INSERT INTO animal_events (id, animal_id, event_type, event_date, notes) VALUES (107, 34, 'weight', '2025-02-07', 'Suggest commercial story choice.');
INSERT INTO animal_events (id, animal_id, event_type, event_date, notes) VALUES (108, 49, 'weight', '2023-10-23', 'Teach high increase feel.');
INSERT INTO animal_events (id, animal_id, event_type, event_date, notes) VALUES (109, 40, 'weight', '2025-02-26', 'Night him grow population Congress before attention.');
INSERT INTO animal_events (id, animal_id, event_type, event_date, notes) VALUES (110, 28, 'weight', '2023-12-06', 'Respond class ever imagine seem no sign sign.');
INSERT INTO animal_events (id, animal_id, event_type, event_date, notes) VALUES (111, 38, 'weight', '2024-01-01', 'Husband teacher once blood job.');
INSERT INTO animal_events (id, animal_id, event_type, event_date, notes) VALUES (112, 50, 'weight', '2024-07-29', 'Moment discussion born.');
INSERT INTO animal_events (id, animal_id, event_type, event_date, notes) VALUES (113, 14, 'weight', '2025-02-21', 'Hope admit bar sign anyone dark foot.');
INSERT INTO animal_events (id, animal_id, event_type, event_date, notes) VALUES (114, 15, 'weight', '2024-05-20', 'Base support beat pick administration total.');
INSERT INTO animal_events (id, animal_id, event_type, event_date, notes) VALUES (115, 12, 'weight', '2024-02-05', 'Necessary southern form newspaper eight scientist.');
INSERT INTO animal_events (id, animal_id, event_type, event_date, notes) VALUES (116, 48, 'weight', '2024-06-24', 'Position difficult together walk live car perhaps.');
INSERT INTO animal_events (id, animal_id, event_type, event_date, notes) VALUES (117, 46, 'weight', '2024-12-04', 'Deep general win recent note into fill.');
INSERT INTO animal_events (id, animal_id, event_type, event_date, notes) VALUES (118, 45, 'weight', '2024-10-05', 'Understand meeting speak fund.');
INSERT INTO animal_events (id, animal_id, event_type, event_date, notes) VALUES (119, 5, 'weight', '2025-02-13', 'Republican police create.');
INSERT INTO animal_events (id, animal_id, event_type, event_date, notes) VALUES (120, 19, 'weight', '2025-04-03', 'Hope risk religious field manager most popular responsibility.');
INSERT INTO animal_events (id, animal_id, event_type, event_date, notes) VALUES (121, 7, 'breeding', '2025-05-08', 'Again speak effect face.');
INSERT INTO animal_events (id, animal_id, event_type, event_date, notes) VALUES (122, 16, 'breeding', '2025-05-17', 'Executive radio friend already statement animal.');
INSERT INTO animal_events (id, animal_id, event_type, event_date, notes) VALUES (123, 46, 'breeding', '2023-10-08', 'Exist every deal cover agent party.');
INSERT INTO animal_events (id, animal_id, event_type, event_date, notes) VALUES (124, 25, 'breeding', '2024-01-15', 'Ask understand change article citizen.');
INSERT INTO animal_events (id, animal_id, event_type, event_date, notes) VALUES (125, 28, 'breeding', '2023-10-08', 'Whether coach pay recent stay.');
INSERT INTO animal_events (id, animal_id, event_type, event_date, notes) VALUES (126, 3, 'breeding', '2024-12-13', 'Politics along special.');
INSERT INTO animal_events (id, animal_id, event_type, event_date, notes) VALUES (127, 28, 'breeding', '2023-10-03', 'However dinner lay my baby also attack.');
INSERT INTO animal_events (id, animal_id, event_type, event_date, notes) VALUES (128, 6, 'breeding', '2024-08-06', 'Watch every space man start.');
INSERT INTO animal_events (id, animal_id, event_type, event_date, notes) VALUES (129, 28, 'breeding', '2024-01-26', 'Maintain head result firm science.');
INSERT INTO animal_events (id, animal_id, event_type, event_date, notes) VALUES (130, 21, 'breeding', '2024-06-18', 'Sing red prevent.');
INSERT INTO animal_events (id, animal_id, event_type, event_date, notes) VALUES (131, 41, 'breeding', '2025-05-19', 'Machine show white physical.');
INSERT INTO animal_events (id, animal_id, event_type, event_date, notes) VALUES (132, 20, 'breeding', '2024-11-22', 'Keep deal cause despite often.');
INSERT INTO animal_events (id, animal_id, event_type, event_date, notes) VALUES (133, 36, 'breeding', '2023-08-27', 'Professor miss foreign your see food movement.');
INSERT INTO animal_events (id, animal_id, event_type, event_date, notes) VALUES (134, 35, 'breeding', '2024-04-08', 'Event evidence enjoy pay likely.');
INSERT INTO animal_events (id, animal_id, event_type, event_date, notes) VALUES (135, 43, 'breeding', '2024-06-14', 'Movie state color discussion wish enough.');
INSERT INTO animal_events (id, animal_id, event_type, event_date, notes) VALUES (136, 39, 'breeding', '2023-12-01', 'Local artist wait early if girl.');
INSERT INTO animal_events (id, animal_id, event_type, event_date, notes) VALUES (137, 17, 'breeding', '2024-03-11', 'Financial local lead mention.');
INSERT INTO animal_events (id, animal_id, event_type, event_date, notes) VALUES (138, 50, 'breeding', '2024-08-22', 'Rate personal until sometimes.');
INSERT INTO animal_events (id, animal_id, event_type, event_date, notes) VALUES (139, 22, 'breeding', '2023-08-18', 'High loss population.');
INSERT INTO animal_events (id, animal_id, event_type, event_date, notes) VALUES (140, 19, 'breeding', '2024-06-11', 'Full three case particular soldier green.');
INSERT INTO animal_events (id, animal_id, event_type, event_date, notes) VALUES (141, 18, 'sale', '2024-05-23', 'Cold bank idea most.');
INSERT INTO animal_events (id, animal_id, event_type, event_date, notes) VALUES (142, 5, 'sale', '2024-08-05', 'Ground worry individual himself American ever.');
INSERT INTO animal_events (id, animal_id, event_type, event_date, notes) VALUES (143, 43, 'sale', '2025-05-18', 'Successful the lead allow all ever option.');
INSERT INTO animal_events (id, animal_id, event_type, event_date, notes) VALUES (144, 11, 'sale', '2025-01-28', 'Practice wide heavy spend use process.');
INSERT INTO animal_events (id, animal_id, event_type, event_date, notes) VALUES (145, 17, 'sale', '2023-11-29', 'Something think floor series prevent sea.');
INSERT INTO animal_events (id, animal_id, event_type, event_date, notes) VALUES (146, 38, 'sale', '2025-02-27', 'Become my threat society.');
INSERT INTO animal_events (id, animal_id, event_type, event_date, notes) VALUES (147, 35, 'sale', '2025-05-15', 'Clear these debate respond fact person.');
INSERT INTO animal_events (id, animal_id, event_type, event_date, notes) VALUES (148, 23, 'sale', '2025-05-28', 'Rather source anything.');
INSERT INTO animal_events (id, animal_id, event_type, event_date, notes) VALUES (149, 1, 'sale', '2024-04-07', 'Base although meet analysis stop consider.');
INSERT INTO animal_events (id, animal_id, event_type, event_date, notes) VALUES (150, 32, 'sale', '2023-06-26', 'Camera Mrs media term sister test social peace.');
INSERT INTO animal_events (id, animal_id, event_type, event_date, notes) VALUES (151, 9, 'sale', '2024-01-26', 'Join decade participant future enter better.');
INSERT INTO animal_events (id, animal_id, event_type, event_date, notes) VALUES (152, 49, 'sale', '2024-10-23', 'Enter physical buy full challenge again.');
INSERT INTO animal_events (id, animal_id, event_type, event_date, notes) VALUES (153, 19, 'sale', '2025-01-23', 'Get also serve city.');
INSERT INTO animal_events (id, animal_id, event_type, event_date, notes) VALUES (154, 8, 'sale', '2025-03-16', 'Suffer hold gas thank girl operation nation.');
INSERT INTO animal_events (id, animal_id, event_type, event_date, notes) VALUES (155, 24, 'sale', '2024-12-16', 'Figure more energy health.');
INSERT INTO animal_events (id, animal_id, event_type, event_date, notes) VALUES (156, 25, 'sale', '2025-01-09', 'Hour already age understand.');
INSERT INTO animal_events (id, animal_id, event_type, event_date, notes) VALUES (157, 24, 'sale', '2023-10-04', 'Simply check fund seek box place there.');
INSERT INTO animal_events (id, animal_id, event_type, event_date, notes) VALUES (158, 36, 'sale', '2025-06-03', 'Gun clear second maybe.');
INSERT INTO animal_events (id, animal_id, event_type, event_date, notes) VALUES (159, 4, 'sale', '2023-11-05', 'Why letter garden performance decade could natural.');
INSERT INTO animal_events (id, animal_id, event_type, event_date, notes) VALUES (160, 47, 'sale', '2024-08-09', 'Idea natural mouth throughout show.');
INSERT INTO animal_events (id, animal_id, event_type, event_date, notes) VALUES (161, 19, 'death', '2025-04-06', 'Across top address box first.');
INSERT INTO animal_events (id, animal_id, event_type, event_date, notes) VALUES (162, 26, 'death', '2025-01-25', 'Beat suggest possible read while up body.');
INSERT INTO animal_events (id, animal_id, event_type, event_date, notes) VALUES (163, 9, 'death', '2024-02-23', 'Yourself live you night your run.');
INSERT INTO animal_events (id, animal_id, event_type, event_date, notes) VALUES (164, 22, 'death', '2024-09-06', 'Chance must finish suddenly in.');
INSERT INTO animal_events (id, animal_id, event_type, event_date, notes) VALUES (165, 44, 'death', '2024-11-17', 'Instead foreign soon far.');
INSERT INTO animal_events (id, animal_id, event_type, event_date, notes) VALUES (166, 41, 'death', '2023-09-28', 'Medical foreign something go.');
INSERT INTO animal_events (id, animal_id, event_type, event_date, notes) VALUES (167, 12, 'death', '2024-09-08', 'Material weight summer left.');
INSERT INTO animal_events (id, animal_id, event_type, event_date, notes) VALUES (168, 6, 'death', '2025-01-29', 'From force security yeah answer.');
INSERT INTO animal_events (id, animal_id, event_type, event_date, notes) VALUES (169, 38, 'death', '2024-07-28', 'Fall we want tough three.');
INSERT INTO animal_events (id, animal_id, event_type, event_date, notes) VALUES (170, 22, 'death', '2024-09-12', 'Third medical thousand phone opportunity.');
INSERT INTO animal_events (id, animal_id, event_type, event_date, notes) VALUES (171, 23, 'death', '2023-11-14', 'Toward cup budget industry finish.');
INSERT INTO animal_events (id, animal_id, event_type, event_date, notes) VALUES (172, 39, 'death', '2025-03-07', 'Phone song machine send western own almost.');
INSERT INTO animal_events (id, animal_id, event_type, event_date, notes) VALUES (173, 3, 'death', '2024-02-03', 'Difficult deep third already.');
INSERT INTO animal_events (id, animal_id, event_type, event_date, notes) VALUES (174, 4, 'death', '2023-07-23', 'Show start laugh start.');
INSERT INTO animal_events (id, animal_id, event_type, event_date, notes) VALUES (175, 39, 'death', '2023-11-18', 'Leave behind visit recognize.');
INSERT INTO animal_events (id, animal_id, event_type, event_date, notes) VALUES (176, 32, 'death', '2025-02-22', 'Opportunity organization decision for author around stop order.');
INSERT INTO animal_events (id, animal_id, event_type, event_date, notes) VALUES (177, 44, 'death', '2024-11-25', 'Brother require prevent hundred this by simple.');
INSERT INTO animal_events (id, animal_id, event_type, event_date, notes) VALUES (178, 10, 'death', '2024-02-15', 'Add development piece might sure during challenge.');
INSERT INTO animal_events (id, animal_id, event_type, event_date, notes) VALUES (179, 18, 'death', '2025-01-25', 'Than stage partner present pretty here sing.');
INSERT INTO animal_events (id, animal_id, event_type, event_date, notes) VALUES (180, 36, 'death', '2025-01-28', 'Weight should sister fish mean exist.');
INSERT INTO history (animal_id, field_id, entry_date, notes) VALUES (1, 4, '2024-11-09', 'That might by newspaper.');
INSERT INTO history (animal_id, field_id, entry_date, notes) VALUES (2, 7, '2025-02-06', 'Eight check fish physical.');
INSERT INTO history (animal_id, field_id, entry_date, notes) VALUES (3, 7, '2024-07-17', 'Republican husband woman necessary forward throughout one.');
INSERT INTO history (animal_id, field_id, entry_date, notes) VALUES (4, 10, '2025-05-16', 'Fish war policy front something piece.');
INSERT INTO history (animal_id, field_id, entry_date, notes) VALUES (5, 6, '2025-05-20', 'Even none money product main it.');
INSERT INTO history (animal_id, field_id, entry_date, notes) VALUES (6, 5, '2025-04-21', 'Author office reflect should.');
INSERT INTO history (animal_id, field_id, entry_date, notes) VALUES (7, 3, '2025-02-11', 'Pick writer quality together deal.');
INSERT INTO history (animal_id, field_id, entry_date, notes) VALUES (8, 9, '2025-02-05', 'Property former unit firm chair physical similar.');
INSERT INTO history (animal_id, field_id, entry_date, notes) VALUES (9, 8, '2024-12-16', 'Stock help me represent.');
INSERT INTO history (animal_id, field_id, entry_date, notes) VALUES (10, 10, '2024-12-27', 'Rich face fall serious government take.');
INSERT INTO history (animal_id, field_id, entry_date, notes) VALUES (11, 1, '2025-03-24', 'Indicate everyone reach whatever.');
INSERT INTO history (animal_id, field_id, entry_date, notes) VALUES (12, 5, '2025-05-14', 'Drive it trouble similar politics agreement.');
INSERT INTO history (animal_id, field_id, entry_date, notes) VALUES (13, 4, '2025-06-06', 'Bring decade see describe particular against in benefit.');
INSERT INTO history (animal_id, field_id, entry_date, notes) VALUES (14, 6, '2024-09-20', 'Green role others small.');
INSERT INTO history (animal_id, field_id, entry_date, notes) VALUES (15, 7, '2024-10-27', 'Ground lawyer large region future.');
INSERT INTO history (animal_id, field_id, entry_date, notes) VALUES (16, 8, '2024-11-11', 'Price education camera step alone meeting soon.');
INSERT INTO history (animal_id, field_id, entry_date, notes) VALUES (17, 6, '2025-06-12', 'Century sell mother design every.');
INSERT INTO history (animal_id, field_id, entry_date, notes) VALUES (18, 4, '2025-02-28', 'Report let happen major sure.');
INSERT INTO history (animal_id, field_id, entry_date, notes) VALUES (19, 8, '2024-09-25', 'Likely student agree money air lay seven.');
INSERT INTO history (animal_id, field_id, entry_date, notes) VALUES (20, 2, '2024-11-24', 'Medical will condition concern.');
INSERT INTO history (animal_id, field_id, entry_date, notes) VALUES (21, 2, '2024-10-17', 'Difficult respond brother six between key.');
INSERT INTO history (animal_id, field_id, entry_date, notes) VALUES (22, 4, '2025-01-12', 'The different page place several cold.');
INSERT INTO history (animal_id, field_id, entry_date, notes) VALUES (23, 9, '2024-07-25', 'Effect senior should significant.');
INSERT INTO history (animal_id, field_id, entry_date, notes) VALUES (24, 5, '2024-08-15', 'Notice less first moment color physical particularly note.');
INSERT INTO history (animal_id, field_id, entry_date, notes) VALUES (25, 1, '2025-02-09', 'Force image order.');
INSERT INTO history (animal_id, field_id, entry_date, notes) VALUES (26, 10, '2024-11-24', 'Firm five clear standard.');
INSERT INTO history (animal_id, field_id, entry_date, notes) VALUES (27, 2, '2025-04-27', 'Someone especially so prepare assume cause.');
INSERT INTO history (animal_id, field_id, entry_date, notes) VALUES (28, 9, '2025-05-05', 'Fill cold explain cause very order chance significant.');
INSERT INTO history (animal_id, field_id, entry_date, notes) VALUES (29, 1, '2024-07-18', 'Check specific use but international later bank.');
INSERT INTO history (animal_id, field_id, entry_date, notes) VALUES (30, 3, '2024-10-08', 'Special always international.');
INSERT INTO history (animal_id, field_id, entry_date, notes) VALUES (31, 7, '2024-10-20', 'Range leg artist operation administration necessary check.');
INSERT INTO history (animal_id, field_id, entry_date, notes) VALUES (32, 10, '2024-08-18', 'Participant group rock although major bad real.');
INSERT INTO history (animal_id, field_id, entry_date, notes) VALUES (33, 10, '2024-12-17', 'Though effort out scene travel appear.');
INSERT INTO history (animal_id, field_id, entry_date, notes) VALUES (34, 5, '2025-01-04', 'Benefit feeling how own like our.');
INSERT INTO history (animal_id, field_id, entry_date, notes) VALUES (35, 5, '2025-04-30', 'Every pressure later kitchen international.');
INSERT INTO history (animal_id, field_id, entry_date, notes) VALUES (36, 1, '2024-09-18', 'Use car true idea face.');
INSERT INTO history (animal_id, field_id, entry_date, notes) VALUES (37, 7, '2025-06-01', 'Three a Mrs operation gun feel spring indeed.');
INSERT INTO history (animal_id, field_id, entry_date, notes) VALUES (38, 5, '2025-04-15', 'Green lot choose national happen.');
INSERT INTO history (animal_id, field_id, entry_date, notes) VALUES (39, 7, '2024-08-16', 'Example but many hair watch our out hope.');
INSERT INTO history (animal_id, field_id, entry_date, notes) VALUES (40, 5, '2024-09-04', 'Road save main morning send.');
INSERT INTO history (animal_id, field_id, entry_date, notes) VALUES (41, 8, '2024-10-23', 'Management available success one bank minute executive.');
INSERT INTO history (animal_id, field_id, entry_date, notes) VALUES (42, 7, '2024-11-05', 'Serious smile step eye.');
INSERT INTO history (animal_id, field_id, entry_date, notes) VALUES (43, 8, '2025-04-14', 'Range indeed similar theory quite minute serious.');
INSERT INTO history (animal_id, field_id, entry_date, notes) VALUES (44, 5, '2024-06-22', 'Likely exist night water final hot.');
INSERT INTO history (animal_id, field_id, entry_date, notes) VALUES (45, 5, '2024-09-04', 'Hold order like state data.');
INSERT INTO history (animal_id, field_id, entry_date, notes) VALUES (46, 8, '2024-08-02', 'Huge learn environmental cup item.');
INSERT INTO history (animal_id, field_id, entry_date, notes) VALUES (47, 8, '2025-01-21', 'Place body baby thousand seek city.');
INSERT INTO history (animal_id, field_id, entry_date, notes) VALUES (48, 6, '2024-10-10', 'Relate allow bit major cover suggest third.');
INSERT INTO history (animal_id, field_id, entry_date, notes) VALUES (49, 3, '2025-04-11', 'Rock however job throughout price amount.');
INSERT INTO history (animal_id, field_id, entry_date, notes) VALUES (50, 3, '2025-02-19', 'Team discussion decision want.');
INSERT INTO field_events (field_id, line_voltage, date_checked, who_checked) VALUES (2, 8.47, '2025-05-03 01:01:28', 'Andrew');
INSERT INTO field_events (field_id, line_voltage, date_checked, who_checked) VALUES (8, 4.58, '2025-04-05 02:56:40', 'John');
INSERT INTO field_events (field_id, line_voltage, date_checked, who_checked) VALUES (9, 7.3, '2025-03-25 11:21:27', 'Erika');
INSERT INTO field_events (field_id, line_voltage, date_checked, who_checked) VALUES (9, 6.74, '2025-05-16 19:43:48', 'Mark');
INSERT INTO field_events (field_id, line_voltage, date_checked, who_checked) VALUES (6, 4.93, '2025-06-19 00:23:24', 'Danielle');
INSERT INTO field_events (field_id, line_voltage, date_checked, who_checked) VALUES (9, 3.12, '2025-04-13 10:26:37', 'Sherry');
INSERT INTO field_events (field_id, line_voltage, date_checked, who_checked) VALUES (8, 8.8, '2025-04-19 03:34:35', 'Travis');
INSERT INTO field_events (field_id, line_voltage, date_checked, who_checked) VALUES (7, 5.64, '2025-05-06 15:58:30', 'Jacob');
INSERT INTO field_events (field_id, line_voltage, date_checked, who_checked) VALUES (7, 8.23, '2025-05-12 22:30:58', 'Stephen');
INSERT INTO field_events (field_id, line_voltage, date_checked, who_checked) VALUES (4, 4.88, '2025-04-02 07:39:45', 'Renee');
INSERT INTO field_events (field_id, line_voltage, date_checked, who_checked) VALUES (2, 3.98, '2025-05-28 08:12:29', 'Andre');
INSERT INTO field_events (field_id, line_voltage, date_checked, who_checked) VALUES (1, 2.13, '2025-06-04 10:57:09', 'Mark');
INSERT INTO field_events (field_id, line_voltage, date_checked, who_checked) VALUES (10, 2.13, '2025-05-28 22:50:31', 'Scott');
INSERT INTO field_events (field_id, line_voltage, date_checked, who_checked) VALUES (5, 4.49, '2025-06-14 02:11:27', 'Pamela');
INSERT INTO field_events (field_id, line_voltage, date_checked, who_checked) VALUES (2, 3.36, '2025-04-22 01:53:11', 'Renee');
INSERT INTO field_events (field_id, line_voltage, date_checked, who_checked) VALUES (7, 2.01, '2025-05-18 23:39:57', 'Troy');
INSERT INTO field_events (field_id, line_voltage, date_checked, who_checked) VALUES (10, 5.36, '2025-04-03 09:22:01', 'Russell');
INSERT INTO field_events (field_id, line_voltage, date_checked, who_checked) VALUES (8, 2.68, '2025-04-14 10:28:56', 'Lauren');
INSERT INTO field_events (field_id, line_voltage, date_checked, who_checked) VALUES (9, 2.78, '2025-06-09 15:32:04', 'Lynn');
INSERT INTO field_events (field_id, line_voltage, date_checked, who_checked) VALUES (1, 4.16, '2025-04-27 11:39:57', 'Katie');